{
  "_dashboard": {
    "recent_activity": [],
    "kpis": {
      "employees": 0,
      "users": 0,
      "products": 0,
      "companies": 0
    }
  },
  "hr.employee": {
    "module": "hr",
    "fields": {
      "active": {
        "help": "If the active field is set to False, it will allow you to hide the resource record without removing it.",
        "readonly": false,
        "required": false,
        "string": "Active",
        "type": "boolean"
      },
      "avatar_256": {
        "readonly": true,
        "required": false,
        "string": "Avatar 256",
        "type": "binary"
      },
      "barcode": {
        "help": "ID used for employee identification.",
        "readonly": false,
        "required": false,
        "string": "Badge ID",
        "type": "char"
      },
      "blood_type": {
        "readonly": false,
        "required": false,
        "selection": [
          [
            "A+",
            "A+"
          ],
          [
            "A-",
            "A-"
          ],
          [
            "B+",
            "B+"
          ],
          [
            "B-",
            "B-"
          ],
          [
            "AB+",
            "AB+"
          ],
          [
            "AB-",
            "AB-"
          ],
          [
            "O+",
            "O+"
          ],
          [
            "O-",
            "O-"
          ]
        ],
        "string": "Blood Type",
        "type": "selection"
      },
      "certificate": {
        "readonly": false,
        "required": false,
        "selection": [
          [
            "graduate",
            "Graduate"
          ],
          [
            "bachelor",
            "Bachelor"
          ],
          [
            "master",
            "Master"
          ],
          [
            "doctor",
            "Doctor"
          ],
          [
            "other",
            "Other"
          ]
        ],
        "string": "Certificate Level",
        "type": "selection"
      },
      "check_in_frequency": {
        "help": "How often this worker needs to check in when on a shift",
        "readonly": false,
        "required": false,
        "string": "Check-in Frequency (minutes)",
        "type": "integer"
      },
      "company_id": {
        "readonly": false,
        "relation": "res.company",
        "required": true,
        "string": "Company",
        "type": "many2one"
      },
      "display_name": {
        "readonly": true,
        "required": false,
        "string": "Display Name",
        "type": "char"
      },
      "driving_license": {
        "readonly": false,
        "required": false,
        "string": "Driving License",
        "type": "binary"
      },
      "employee_type": {
        "help": "The employee type. Although the primary purpose may seem to categorize employees, this field has also an impact in the Contract History. Only Employee type is supposed to be under contract and will have a Contract History.",
        "readonly": false,
        "required": true,
        "selection": [
          [
            "employee",
            "Employee"
          ],
          [
            "student",
            "Student"
          ],
          [
            "trainee",
            "Trainee"
          ],
          [
            "contractor",
            "Contractor"
          ],
          [
            "freelance",
            "Freelancer"
          ]
        ],
        "string": "Employee Type",
        "type": "selection"
      },
      "gender": {
        "readonly": false,
        "required": false,
        "selection": [
          [
            "male",
            "Male"
          ],
          [
            "female",
            "Female"
          ],
          [
            "other",
            "Other"
          ]
        ],
        "string": "Gender",
        "type": "selection"
      },
      "grace_period": {
        "help": "How long after a missed check-in before alerts are triggered",
        "readonly": false,
        "required": false,
        "string": "Grace Period (minutes)",
        "type": "integer"
      },
      "last_check_out": {
        "readonly": true,
        "required": false,
        "string": "Check Out",
        "type": "datetime"
      },
      "name": {
        "readonly": false,
        "required": false,
        "string": "Employee Name",
        "type": "char"
      },
      "resource_id": {
        "readonly": false,
        "relation": "resource.resource",
        "required": true,
        "string": "Resource",
        "type": "many2one"
      }
    },
    "functions": {
      "action_check_in": {
        "info": [
          "Custom method for check-in"
        ],
        "parameters": []
      },
      "toggle_active": {
        "info": false,
        "parameters": []
      }
    },
    "endpoints": {
      "list": "/api/v2/search_read/hr.employee",
      "read": "/api/v2/read/hr.employee",
      "create": "/api/v2/create/hr.employee",
      "update": "/api/v2/write/hr.employee",
      "delete": "/api/v2/unlink/hr.employee",
      "custom": {
        "attendance_manual": "/api/v2/call/hr.employee"
      }
    }
  },
  "res.users": {
    "module": "users",
    "fields": {
      "additional_info": {
        "readonly": false,
        "required": false,
        "string": "Additional info",
        "type": "char"
      },
      "additional_note": {
        "readonly": false,
        "required": false,
        "string": "Additional Note",
        "type": "text"
      },
      "avatar_256": {
        "readonly": true,
        "required": false,
        "string": "Avatar 256",
        "type": "binary"
      },
      "barcode": {
        "help": "ID used for employee identification.",
        "readonly": false,
        "required": false,
        "string": "Badge ID",
        "type": "char"
      },
      "birthday": {
        "readonly": false,
        "required": false,
        "string": "Date of Birth",
        "type": "date"
      },
      "certificate": {
        "readonly": false,
        "required": false,
        "selection": [
          [
            "graduate",
            "Graduate"
          ],
          [
            "bachelor",
            "Bachelor"
          ],
          [
            "master",
            "Master"
          ],
          [
            "doctor",
            "Doctor"
          ],
          [
            "other",
            "Other"
          ]
        ],
        "string": "Certificate Level",
        "type": "selection"
      },
      "company_id": {
        "help": "The default company for this user.",
        "readonly": false,
        "relation": "res.company",
        "required": true,
        "string": "Company",
        "type": "many2one"
      },
      "company_name": {
        "readonly": false,
        "required": false,
        "string": "Company Name",
        "type": "char"
      },
      "company_registry": {
        "help": "The registry number of the company. Use it if it is different from the Tax ID. It must be unique across all partners of a same country",
        "readonly": false,
        "required": false,
        "string": "Company ID",
        "type": "char"
      },
      "display_name": {
        "readonly": true,
        "required": false,
        "string": "Display Name",
        "type": "char"
      },
      "employee": {
        "help": "Check this box if this contact is an Employee.",
        "readonly": false,
        "required": false,
        "string": "Employee",
        "type": "boolean"
      },
      "gender": {
        "readonly": false,
        "required": false,
        "selection": [
          [
            "male",
            "Male"
          ],
          [
            "female",
            "Female"
          ],
          [
            "other",
            "Other"
          ]
        ],
        "string": "Gender",
        "type": "selection"
      },
      "login": {
        "help": "Used to log into the system",
        "readonly": false,
        "required": true,
        "string": "Login",
        "type": "char"
      },
      "notification_type": {
        "help": "Policy on how to handle Chatter notifications:\n- Handle by Emails: notifications are sent to your email address\n- Handle in Odoo: notifications appear in your Odoo Inbox",
        "readonly": false,
        "required": true,
        "selection": [
          [
            "email",
            "Handle by Emails"
          ],
          [
            "inbox",
            "Handle in Odoo"
          ]
        ],
        "string": "Notification",
        "type": "selection"
      },
      "partner_id": {
        "help": "Partner-related data of the user",
        "readonly": false,
        "relation": "res.partner",
        "required": true,
        "string": "Related Partner",
        "type": "many2one"
      },
      "partner_latitude": {
        "readonly": false,
        "required": false,
        "string": "Geo Latitude",
        "type": "float"
      },
      "partner_longitude": {
        "readonly": false,
        "required": false,
        "string": "Geo Longitude",
        "type": "float"
      },
      "property_account_payable_id": {
        "help": "This account will be used instead of the default one as the payable account for the current partner",
        "readonly": false,
        "relation": "account.account",
        "required": true,
        "string": "Account Payable",
        "type": "many2one"
      },
      "property_account_receivable_id": {
        "help": "This account will be used instead of the default one as the receivable account for the current partner",
        "readonly": false,
        "relation": "account.account",
        "required": true,
        "string": "Account Receivable",
        "type": "many2one"
      },
      "sidebar_type": {
        "readonly": false,
        "required": true,
        "selection": [
          [
            "invisible",
            "Invisible"
          ],
          [
            "small",
            "Small"
          ],
          [
            "large",
            "Large"
          ]
        ],
        "string": "Sidebar Type",
        "type": "selection"
      }
    },
    "functions": {
      "toggle_active": {
        "info": false,
        "parameters": []
      }
    },
    "endpoints": {
      "list": "/api/v2/search_read/res.users",
      "read": "/api/v2/read/res.users",
      "create": "/api/v2/create/res.users",
      "update": "/api/v2/write/res.users",
      "delete": "/api/v2/unlink/res.users",
      "custom": {
        "attendance_manual": null
      }
    }
  },
  "res.company": {
    "module": "company",
    "fields": {
      "account_opening_date": {
        "help": "That is the date of the opening entry.",
        "readonly": false,
        "required": true,
        "string": "Opening Entry",
        "type": "date"
      },
      "active": {
        "readonly": false,
        "required": false,
        "string": "Active",
        "type": "boolean"
      },
      "company_details": {
        "help": "Header text displayed at the top of all reports.",
        "readonly": false,
        "required": false,
        "string": "Company Details",
        "type": "html"
      },
      "currency_id": {
        "readonly": false,
        "relation": "res.currency",
        "required": true,
        "string": "Currency",
        "type": "many2one"
      },
      "fiscalyear_last_day": {
        "readonly": false,
        "required": true,
        "string": "Fiscalyear Last Day",
        "type": "integer"
      },
      "fiscalyear_last_month": {
        "readonly": false,
        "required": true,
        "selection": [
          [
            "1",
            "January"
          ],
          [
            "2",
            "February"
          ],
          [
            "3",
            "March"
          ],
          [
            "4",
            "April"
          ],
          [
            "5",
            "May"
          ],
          [
            "6",
            "June"
          ],
          [
            "7",
            "July"
          ],
          [
            "8",
            "August"
          ],
          [
            "9",
            "September"
          ],
          [
            "10",
            "October"
          ],
          [
            "11",
            "November"
          ],
          [
            "12",
            "December"
          ]
        ],
        "string": "Fiscalyear Last Month",
        "type": "selection"
      },
      "layout_background": {
        "readonly": false,
        "required": true,
        "selection": [
          [
            "Blank",
            "Blank"
          ],
          [
            "Geometric",
            "Geometric"
          ],
          [
            "Custom",
            "Custom"
          ]
        ],
        "string": "Layout Background",
        "type": "selection"
      },
      "name": {
        "readonly": false,
        "required": true,
        "string": "Company Name",
        "type": "char"
      },
      "partner_id": {
        "readonly": false,
        "relation": "res.partner",
        "required": true,
        "string": "Partner",
        "type": "many2one"
      }
    },
    "functions": {},
    "endpoints": {
      "list": "/api/v2/search_read/res.company",
      "read": "/api/v2/read/res.company",
      "create": "/api/v2/create/res.company",
      "update": "/api/v2/write/res.company",
      "delete": "/api/v2/unlink/res.company",
      "custom": {
        "attendance_manual": null
      }
    }
  },
  "product.product": {
    "module": "product",
    "fields": {
      "active": {
        "help": "If unchecked, it will allow you to hide the product without removing it.",
        "readonly": false,
        "required": false,
        "string": "Active",
        "type": "boolean"
      },
      "additional_product_tag_ids": {
        "readonly": false,
        "relation": "product.tag",
        "required": false,
        "string": "Additional Product Tags",
        "type": "many2many"
      },
      "all_product_tag_ids": {
        "readonly": true,
        "relation": "product.tag",
        "required": false,
        "string": "All Product Tag",
        "type": "many2many"
      },
      "categ_id": {
        "readonly": false,
        "relation": "product.category",
        "required": true,
        "string": "Product Category",
        "type": "many2one"
      },
      "color": {
        "readonly": false,
        "required": false,
        "string": "Color Index",
        "type": "integer"
      },
      "description_sale": {
        "help": "A description of the Product that you want to communicate to your customers. This description will be copied to every Sales Order, Delivery Order and Customer Invoice/Credit Note",
        "readonly": false,
        "required": false,
        "string": "Sales Description",
        "type": "text"
      },
      "detailed_type": {
        "help": "A storable product is a product for which you manage stock. The Inventory app has to be installed.\nA consumable product is a product for which stock is not managed.\nA service is a non-material product you provide.",
        "readonly": false,
        "required": true,
        "selection": [
          [
            "consu",
            "Consumable"
          ],
          [
            "service",
            "Service"
          ]
        ],
        "string": "Product Type",
        "type": "selection"
      },
      "display_name": {
        "readonly": true,
        "required": false,
        "string": "Display Name",
        "type": "char"
      },
      "image_256": {
        "readonly": true,
        "required": false,
        "string": "Image 256",
        "type": "binary"
      },
      "list_price": {
        "help": "Price at which the product is sold to customers.",
        "readonly": false,
        "required": false,
        "string": "Sales Price",
        "type": "float"
      },
      "lst_price": {
        "help": "The sale price is managed from the product template. Click on the 'Configure Variants' button to set the extra attribute prices.",
        "readonly": false,
        "required": false,
        "string": "Sales\u00a0Price",
        "type": "float"
      },
      "name": {
        "readonly": false,
        "required": true,
        "string": "Name",
        "type": "char"
      },
      "price_extra": {
        "help": "This is the sum of the extra price of all attributes",
        "readonly": true,
        "required": false,
        "string": "Variant Price Extra",
        "type": "float"
      },
      "product_properties": {
        "readonly": false,
        "required": false,
        "string": "Properties",
        "type": "properties"
      },
      "product_template_attribute_value_ids": {
        "readonly": false,
        "relation": "product.template.attribute.value",
        "required": false,
        "string": "Attribute Values",
        "type": "many2many"
      },
      "product_tmpl_id": {
        "readonly": false,
        "relation": "product.template",
        "required": true,
        "string": "Product Template",
        "type": "many2one"
      },
      "product_variant_ids": {
        "readonly": false,
        "relation": "product.product",
        "required": true,
        "string": "Products",
        "type": "one2many"
      },
      "purchase_ok": {
        "readonly": false,
        "required": false,
        "string": "Can be Purchased",
        "type": "boolean"
      },
      "sale_ok": {
        "readonly": false,
        "required": false,
        "string": "Can be Sold",
        "type": "boolean"
      },
      "sequence": {
        "help": "Gives the sequence order when displaying a product list",
        "readonly": false,
        "required": false,
        "string": "Sequence",
        "type": "integer"
      },
      "standard_price_update_warning": {
        "readonly": true,
        "required": false,
        "string": "Standard Price Update Warning",
        "type": "char"
      },
      "tax_string": {
        "readonly": true,
        "required": false,
        "string": "Tax String",
        "type": "char"
      },
      "type": {
        "readonly": false,
        "required": false,
        "selection": [
          [
            "consu",
            "Consumable"
          ],
          [
            "service",
            "Service"
          ]
        ],
        "string": "Type",
        "type": "selection"
      },
      "uom_id": {
        "help": "Default unit of measure used for all stock operations.",
        "readonly": false,
        "relation": "uom.uom",
        "required": true,
        "string": "Unit of Measure",
        "type": "many2one"
      },
      "uom_name": {
        "readonly": true,
        "required": false,
        "string": "Unit of Measure Name",
        "type": "char"
      },
      "uom_po_id": {
        "help": "Default unit of measure used for purchase orders. It must be in the same category as the default unit of measure.",
        "readonly": false,
        "relation": "uom.uom",
        "required": true,
        "string": "Purchase UoM",
        "type": "many2one"
      },
      "volume": {
        "readonly": false,
        "required": false,
        "string": "Volume",
        "type": "float"
      },
      "volume_uom_name": {
        "readonly": true,
        "required": false,
        "string": "Volume unit of measure label",
        "type": "char"
      },
      "weight": {
        "readonly": false,
        "required": false,
        "string": "Weight",
        "type": "float"
      },
      "weight_uom_name": {
        "readonly": true,
        "required": false,
        "string": "Weight unit of measure label",
        "type": "char"
      }
    },
    "functions": {
      "toggle_active": {
        "info": [
          " Archiving related product.template if there is not any more active product.product",
          "        (and vice versa, unarchiving the related product template if there is now an active product.product) "
        ],
        "parameters": []
      }
    },
    "endpoints": {
      "list": "/api/v2/search_read/product.product",
      "read": "/api/v2/read/product.product",
      "create": "/api/v2/create/product.product",
      "update": "/api/v2/write/product.product",
      "delete": "/api/v2/unlink/product.product",
      "custom": {
        "attendance_manual": null
      }
    }
  }
}